{
  "model_type": "lightgbm",
  "model_id": "75cdca74",
  "params": {
    "num_leaves": 125,
    "max_depth": 10,
    "min_child_samples": 95,
    "learning_rate": 0.20978213384576816,
    "n_estimators": 638,
    "subsample": 0.9609371175115584,
    "colsample_bytree": 0.5442462510259598,
    "reg_alpha": 5.805581976088804e-07,
    "reg_lambda": 2.5529693461039728e-08,
    "min_split_gain": 0.32533033076326434
  },
  "train_metrics": {
    "accuracy": 0.7036840710310098,
    "precision": 0.7121951219512195,
    "recall": 0.6912151499210941,
    "f1_score": 0.7015483182060865,
    "roc_auc": 0.7620768365277835,
    "pr_auc": 0.7500170414950392,
    "log_loss": 0.0,
    "directional_accuracy": 0.7036840710310098,
    "profit_factor": 0.0
  },
  "val_metrics": {
    "accuracy": 0.4872881355932203,
    "precision": 0.4811320754716981,
    "recall": 0.5495689655172413,
    "f1_score": 0.5130784708249497,
    "roc_auc": 0.5014098419540229,
    "pr_auc": 0.5083902754578563,
    "log_loss": 0.0,
    "directional_accuracy": 0.4872881355932203,
    "profit_factor": 0.0
  },
  "test_metrics": {
    "accuracy": 0.4872881355932203,
    "precision": 0.4811320754716981,
    "recall": 0.5495689655172413,
    "f1_score": 0.5130784708249497,
    "roc_auc": 0.5014098419540229,
    "pr_auc": 0.5083902754578563,
    "log_loss": 0.0,
    "directional_accuracy": 0.4872881355932203,
    "profit_factor": 0.0
  },
  "training_time": 59.979305267333984,
  "n_features": 148,
  "n_train_samples": 3773,
  "feature_importance": {
    "tsi_signal": 66.91702079772949,
    "rolling_range_pct_252": 53.84711980819702,
    "trend_slope_60": 36.856210708618164,
    "rolling_skewness_60": 35.89869976043701,
    "ichimoku_tenkan": 35.57812023162842,
    "vwap": 35.219499588012695,
    "ichimoku_senkou_a": 33.06373882293701,
    "rolling_min_252": 24.677099227905273,
    "dc_upper": 22.734100341796875,
    "garman_klass_vol_60": 20.85824966430664,
    "momentum_10": 19.120800018310547,
    "price_position_20": 19.07730984687805,
    "realized_vol_20": 19.061409950256348,
    "price_sma_ratio_60": 17.747499465942383,
    "ema_12": 17.70680046081543,
    "garman_klass_vol_20": 17.37789011001587,
    "bb_lower": 16.40530014038086,
    "parkinson_vol_5": 16.363800048828125,
    "bb_width": 15.088299751281738,
    "hv_20": 14.69909954071045,
    "rolling_kurtosis_60": 13.520299911499023,
    "price_position_10": 13.153400421142578,
    "rolling_std_60": 12.8100004196167,
    "roc_12": 12.58590030670166,
    "minus_di": 12.546099662780762,
    "log_return_5": 12.193400382995605,
    "rolling_std_10": 11.868800163269043,
    "rolling_range_pct_120": 11.434300422668457,
    "log_return_60": 11.049599647521973,
    "dc_middle": 10.243200302124023,
    "garman_klass_vol_10": 9.501649856567383,
    "cum_return_120": 7.997859954833984,
    "true_range": 7.903019905090332,
    "ema_26": 7.473219871520996,
    "log_return_1": 6.824480056762695,
    "rsi_14": 5.96560001373291,
    "cmf_20": 4.471220016479492,
    "obv": 4.438459873199463,
    "price_sma_ratio_20": 3.6244099140167236,
    "macd": 0.0,
    "macd_signal": 0.0,
    "macd_histogram": 0.0,
    "stoch_k": 0.0,
    "stoch_d": 0.0,
    "williams_r_14": 0.0,
    "cci_20": 0.0,
    "cmo_14": 0.0,
    "ultimate_oscillator": 0.0,
    "tsi": 0.0,
    "sma_10": 0.0,
    "sma_20": 0.0,
    "sma_50": 0.0,
    "sma_100": 0.0,
    "sma_200": 0.0,
    "ema_50": 0.0,
    "ema_100": 0.0,
    "ema_200": 0.0,
    "plus_di": 0.0,
    "adx": 0.0,
    "supertrend": 0.0,
    "supertrend_direction": 0.0,
    "aroon_up": 0.0,
    "aroon_down": 0.0,
    "aroon_oscillator": 0.0,
    "ichimoku_kijun": 0.0,
    "ichimoku_chikou": 0.0,
    "ichimoku_senkou_b": 0.0,
    "psar": 0.0,
    "psar_direction": 0.0,
    "bb_middle": 0.0,
    "bb_upper": 0.0,
    "bb_pctb": 0.0,
    "atr_14": 0.0,
    "atr_14_pct": 0.0,
    "kc_middle": 0.0,
    "kc_upper": 0.0,
    "kc_lower": 0.0,
    "dc_lower": 0.0,
    "natr_14": 0.0,
    "mfi_14": 0.0,
    "ad_line": 0.0,
    "force_index_13": 0.0,
    "vwma_20": 0.0,
    "eom_14": 0.0,
    "log_return_10": 0.0,
    "log_return_20": 0.0,
    "return_1": 0.0,
    "return_5": 0.0,
    "return_10": 0.0,
    "return_20": 0.0,
    "return_60": 0.0,
    "cum_return_5": 0.0,
    "cum_return_10": 0.0,
    "cum_return_20": 0.0,
    "cum_return_60": 0.0,
    "cum_return_252": 0.0,
    "rolling_mean_5": 0.0,
    "rolling_std_5": 0.0,
    "rolling_min_5": 0.0,
    "rolling_max_5": 0.0,
    "rolling_range_pct_5": 0.0,
    "rolling_mean_10": 0.0,
    "rolling_min_10": 0.0,
    "rolling_max_10": 0.0,
    "rolling_range_pct_10": 0.0,
    "rolling_mean_20": 0.0,
    "rolling_std_20": 0.0,
    "rolling_min_20": 0.0,
    "rolling_max_20": 0.0,
    "rolling_range_pct_20": 0.0,
    "rolling_mean_60": 0.0,
    "rolling_min_60": 0.0,
    "rolling_max_60": 0.0,
    "rolling_range_pct_60": 0.0,
    "rolling_mean_120": 0.0,
    "rolling_std_120": 0.0,
    "rolling_min_120": 0.0,
    "rolling_max_120": 0.0,
    "rolling_mean_252": 0.0,
    "rolling_std_252": 0.0,
    "rolling_max_252": 0.0,
    "momentum_5": 0.0,
    "roc_5": 0.0,
    "price_position_5": 0.0,
    "roc_10": 0.0,
    "momentum_20": 0.0,
    "roc_20": 0.0,
    "momentum_60": 0.0,
    "roc_60": 0.0,
    "price_position_60": 0.0,
    "trend_slope_20": 0.0,
    "trend_r2_20": 0.0,
    "trend_r2_60": 0.0,
    "price_acceleration_20": 0.0,
    "smooth_acceleration_20": 0.0,
    "realized_vol_5": 0.0,
    "garman_klass_vol_5": 0.0,
    "realized_vol_10": 0.0,
    "parkinson_vol_10": 0.0,
    "parkinson_vol_20": 0.0,
    "realized_vol_60": 0.0,
    "parkinson_vol_60": 0.0,
    "vol_ratio": 0.0,
    "vol_percentile": 0.0,
    "bar_range": 0.0,
    "bar_body": 0.0,
    "body_range_ratio": 0.0,
    "range_pct": 0.0
  }
}