{
  "model_type": "lightgbm",
  "model_id": "a419f7b4",
  "params": {
    "num_leaves": 52,
    "max_depth": 9,
    "min_child_samples": 54,
    "learning_rate": 0.10769935945871725,
    "n_estimators": 754,
    "subsample": 0.750345716318135,
    "colsample_bytree": 0.670423831261853,
    "reg_alpha": 2.6896295544223965,
    "reg_lambda": 0.020966099195229376,
    "min_split_gain": 0.03567247555121687
  },
  "train_metrics": {
    "accuracy": 0.6899293439577799,
    "precision": 0.6988447981014204,
    "recall": 0.6844407984686902,
    "f1_score": 0.691567804659034,
    "roc_auc": 0.7574937879937255,
    "pr_auc": 0.7588742411761624,
    "log_loss": 0.0,
    "directional_accuracy": 0.6899293439577799,
    "profit_factor": 0.0
  },
  "val_metrics": {
    "accuracy": 0.5225331574196236,
    "precision": 0.5177802387104713,
    "recall": 0.5872993719469645,
    "f1_score": 0.5503531258174209,
    "roc_auc": 0.5358018101320953,
    "pr_auc": 0.530620969549253,
    "log_loss": 0.0,
    "directional_accuracy": 0.5225331574196236,
    "profit_factor": 0.0
  },
  "test_metrics": {
    "accuracy": 0.5225331574196236,
    "precision": 0.5177802387104713,
    "recall": 0.5872993719469645,
    "f1_score": 0.5503531258174209,
    "roc_auc": 0.5358018101320953,
    "pr_auc": 0.530620969549253,
    "log_loss": 0.0,
    "directional_accuracy": 0.5225331574196236,
    "profit_factor": 0.0
  },
  "training_time": 712.715761423111,
  "n_features": 165,
  "n_train_samples": 57603,
  "feature_importance": {
    "ichimoku_senkou_a": 1717.4976353645325,
    "cum_return_252": 381.82534742355347,
    "rolling_mean_5": 376.69700717926025,
    "rolling_min_5": 346.58446502685547,
    "parkinson_vol_20": 279.60827016830444,
    "ad_line": 257.7961311340332,
    "rolling_range_pct_252": 256.9359726905823,
    "eom_14": 228.8699712753296,
    "rolling_std_120": 217.85512018203735,
    "hv_20": 213.46883010864258,
    "half_life_60": 201.78703022003174,
    "rolling_range_pct_120": 201.23553133010864,
    "rolling_min_10": 196.15549850463867,
    "ema_26": 190.8011713027954,
    "cum_return_120": 189.59630966186523,
    "dist_from_high_252": 187.6246690750122,
    "rolling_kurtosis_60": 174.93100118637085,
    "rolling_max_5": 174.560631275177,
    "vwap": 174.55400276184082,
    "obv": 174.49213218688965,
    "dist_from_low_252": 159.74698162078857,
    "price_position_10": 153.285258769989,
    "rolling_min_252": 150.93602085113525,
    "rolling_range_pct_5": 150.52300119400024,
    "range_position_252": 146.4743013381958,
    "macd_histogram": 140.34249019622803,
    "cmf_20": 137.23798847198486,
    "rolling_skewness_60": 133.97733783721924,
    "kc_middle": 133.93190002441406,
    "adx": 133.86837005615234,
    "plus_di": 133.34850883483887,
    "garman_klass_vol_20": 130.48244047164917,
    "momentum_60": 130.40821027755737,
    "parkinson_vol_60": 128.1977014541626,
    "garman_klass_vol_5": 124.62129974365234,
    "ma_zscore_120": 123.72883749008179,
    "rolling_std_60": 122.19729995727539,
    "trend_strength": 120.69615936279297,
    "realized_vol_60": 119.74642944335938,
    "ma_distance_120": 119.3950891494751,
    "ichimoku_senkou_b": 119.03745222091675,
    "rolling_std_252": 115.7562108039856,
    "rolling_min_60": 115.3881402015686,
    "price_position_5": 114.46474075317383,
    "sma_100": 112.32998991012573,
    "trend_slope_20": 109.62978839874268,
    "vol_ratio": 106.76765060424805,
    "realized_vol_10": 106.0518889427185,
    "parkinson_vol_5": 105.46480083465576,
    "rolling_std_20": 104.48700904846191,
    "bb_width": 102.88757991790771,
    "price_position_60": 100.70286130905151,
    "kc_lower": 100.56490135192871,
    "tsi_signal": 99.3558702468872,
    "bb_upper": 99.14569759368896,
    "parkinson_vol_10": 96.81246089935303,
    "force_index_13": 96.14736032485962,
    "ichimoku_tenkan": 95.90135955810547,
    "aroon_down": 95.86494731903076,
    "rolling_min_120": 90.17487955093384,
    "percentile_252": 89.69166088104248,
    "rolling_max_252": 88.410400390625,
    "vol_percentile": 88.32215023040771,
    "trend_r2_60": 86.52474021911621,
    "minus_di": 86.19725036621094,
    "stoch_k": 84.94814968109131,
    "williams_r_14": 81.99399948120117,
    "rolling_std_5": 79.44299030303955,
    "mfi_14": 76.14150953292847,
    "log_return_60": 75.56426954269409,
    "price_sma_ratio_60": 75.5055799484253,
    "macd_signal": 74.95651149749756,
    "rolling_min_20": 74.61050033569336,
    "macd": 74.28137016296387,
    "ultimate_oscillator": 72.0516004562378,
    "aroon_up": 72.0400390625,
    "realized_vol_5": 69.99778985977173,
    "vwma_20": 68.70562982559204,
    "trend_slope_60": 68.57262897491455,
    "garman_klass_vol_60": 65.47374153137207,
    "psar": 63.98418998718262,
    "rolling_range_pct_60": 63.916259765625,
    "log_return_1": 63.46436023712158,
    "above_long_ma": 63.016600608825684,
    "log_return_10": 60.307490825653076,
    "rolling_max_60": 59.78151988983154,
    "sma_10": 59.4153995513916,
    "range_pct": 59.072309494018555,
    "rolling_max_20": 58.51230049133301,
    "tsi": 58.456871032714844,
    "rolling_max_10": 55.92607927322388,
    "return_1": 55.61340141296387,
    "ma_zscore_60": 54.7987585067749,
    "log_return_20": 54.289878845214844,
    "cci_20": 53.97677135467529,
    "return_10": 53.337339878082275,
    "rolling_max_120": 53.20706081390381,
    "dc_lower": 52.91615962982178,
    "log_return_5": 51.87653160095215,
    "rolling_mean_252": 50.315489768981934,
    "aroon_oscillator": 49.98439979553223,
    "stoch_d": 49.154900550842285,
    "vol_percentile_regime": 48.096070289611816,
    "atr_14": 47.7734899520874,
    "ichimoku_chikou": 47.55020046234131,
    "rolling_range_pct_20": 45.58686065673828,
    "ema_50": 43.42729949951172,
    "bb_lower": 41.992401123046875,
    "ma_distance_60": 41.58810043334961,
    "rsi_14": 39.311429023742676,
    "garman_klass_vol_10": 38.24933910369873,
    "momentum_10": 37.90577983856201,
    "zscore_60": 37.82038927078247,
    "cmo_14": 37.63093948364258,
    "body_range_ratio": 36.901840686798096,
    "return_20": 36.043700218200684,
    "rolling_mean_120": 34.21955966949463,
    "ema_12": 33.811500549316406,
    "price_position_20": 33.40659999847412,
    "sma_200": 33.39147090911865,
    "rolling_mean_60": 33.03665018081665,
    "bb_pctb": 32.98186016082764,
    "natr_14": 32.26675987243652,
    "atr_14_pct": 31.823209762573242,
    "trend_r2_20": 31.64955997467041,
    "dc_upper": 29.91618061065674,
    "bar_range": 29.78173017501831,
    "ichimoku_kijun": 29.279800415039062,
    "momentum_20": 28.12932014465332,
    "rolling_std_10": 23.379379272460938,
    "roc_12": 22.185999870300293,
    "cum_return_60": 21.412440299987793,
    "ma_distance_20": 20.53835964202881,
    "bar_body": 20.020610332489014,
    "ema_200": 19.97109031677246,
    "price_sma_ratio_20": 17.996959686279297,
    "rolling_range_pct_10": 17.825660228729248,
    "return_60": 17.68408966064453,
    "momentum_5": 17.617920398712158,
    "dc_middle": 12.392000198364258,
    "kc_upper": 11.70359992980957,
    "roc_5": 11.280500411987305,
    "realized_vol_20": 9.255339622497559,
    "sma_20": 8.923150062561035,
    "bb_middle": 8.285590171813965,
    "sma_50": 0.0,
    "ema_100": 0.0,
    "supertrend": 0.0,
    "supertrend_direction": 0.0,
    "psar_direction": 0.0,
    "return_5": 0.0,
    "cum_return_5": 0.0,
    "cum_return_10": 0.0,
    "cum_return_20": 0.0,
    "rolling_mean_10": 0.0,
    "rolling_mean_20": 0.0,
    "roc_10": 0.0,
    "roc_20": 0.0,
    "roc_60": 0.0,
    "price_acceleration_20": 0.0,
    "smooth_acceleration_20": 0.0,
    "true_range": 0.0,
    "trend_direction": 0.0,
    "above_short_ma": 0.0,
    "ma_zscore_20": 0.0
  }
}