{
  "model_type": "lightgbm",
  "model_id": "6dfb7ecf",
  "params": {
    "num_leaves": 58,
    "max_depth": 8,
    "min_child_samples": 96,
    "learning_rate": 0.08062978122044392,
    "n_estimators": 714,
    "subsample": 0.7351469446201057,
    "colsample_bytree": 0.5275555102191798,
    "reg_alpha": 4.400211249983208e-06,
    "reg_lambda": 0.5938971714139013,
    "min_split_gain": 0.43001406591232416
  },
  "train_metrics": {
    "accuracy": 0.7323794382617912,
    "precision": 0.7338582677165354,
    "recall": 0.7354024197790636,
    "f1_score": 0.7346295323173936,
    "roc_auc": 0.8117182262517859,
    "pr_auc": 0.8103546715844544,
    "log_loss": 0.0,
    "directional_accuracy": 0.7323794382617912,
    "profit_factor": 0.0
  },
  "val_metrics": {
    "accuracy": 0.5201271186440678,
    "precision": 0.5118790496760259,
    "recall": 0.5107758620689655,
    "f1_score": 0.511326860841424,
    "roc_auc": 0.5252312320402299,
    "pr_auc": 0.5143030859057539,
    "log_loss": 0.0,
    "directional_accuracy": 0.5201271186440678,
    "profit_factor": 0.0
  },
  "test_metrics": {
    "accuracy": 0.5201271186440678,
    "precision": 0.5118790496760259,
    "recall": 0.5107758620689655,
    "f1_score": 0.511326860841424,
    "roc_auc": 0.5252312320402299,
    "pr_auc": 0.5143030859057539,
    "log_loss": 0.0,
    "directional_accuracy": 0.5201271186440678,
    "profit_factor": 0.0
  },
  "training_time": 64.53336334228516,
  "n_features": 148,
  "n_train_samples": 3774,
  "feature_importance": {
    "trend_slope_60": 144.43347930908203,
    "ad_line": 101.838623046875,
    "vwap": 86.85456085205078,
    "plus_di": 82.47253894805908,
    "rolling_skewness_60": 82.43672037124634,
    "rolling_kurtosis_60": 68.46309041976929,
    "ichimoku_senkou_a": 63.486159324645996,
    "tsi_signal": 57.21560096740723,
    "adx": 50.24052906036377,
    "roc_12": 47.46049785614014,
    "garman_klass_vol_60": 44.92251920700073,
    "vol_ratio": 43.589040756225586,
    "hv_20": 43.3107590675354,
    "garman_klass_vol_20": 42.13099908828735,
    "return_10": 40.99116039276123,
    "tsi": 40.88233041763306,
    "macd_signal": 40.66985034942627,
    "mfi_14": 38.56841993331909,
    "rolling_min_252": 38.41640090942383,
    "rolling_std_252": 37.688599586486816,
    "minus_di": 36.65873050689697,
    "momentum_60": 35.65392017364502,
    "sma_200": 35.235899925231934,
    "trend_r2_60": 34.85829019546509,
    "rolling_range_pct_252": 32.8262996673584,
    "parkinson_vol_5": 30.833439826965332,
    "ichimoku_senkou_b": 28.367100715637207,
    "force_index_13": 27.604199409484863,
    "macd": 27.065269947052002,
    "rolling_range_pct_20": 25.556499481201172,
    "cmf_20": 22.784929752349854,
    "price_sma_ratio_20": 21.947799682617188,
    "price_sma_ratio_60": 21.798139572143555,
    "rolling_mean_5": 21.44950008392334,
    "rolling_mean_252": 21.11095952987671,
    "rolling_min_5": 19.3885498046875,
    "kc_middle": 19.18779945373535,
    "rolling_range_pct_10": 18.75510025024414,
    "eom_14": 18.000150203704834,
    "rolling_min_120": 17.86370086669922,
    "rolling_max_5": 17.535600662231445,
    "dc_upper": 17.019500732421875,
    "rolling_max_20": 15.956299781799316,
    "realized_vol_10": 15.160400390625,
    "rolling_std_10": 14.434700012207031,
    "price_position_20": 14.311300277709961,
    "realized_vol_20": 13.913680076599121,
    "rolling_range_pct_5": 13.171950340270996,
    "price_position_10": 12.725919723510742,
    "rsi_14": 12.23799991607666,
    "parkinson_vol_60": 12.002400398254395,
    "macd_histogram": 11.665599822998047,
    "williams_r_14": 11.083700180053711,
    "price_position_60": 10.422200202941895,
    "momentum_20": 9.64879035949707,
    "log_return_1": 9.395079612731934,
    "rolling_max_120": 9.38017988204956,
    "smooth_acceleration_20": 9.375150203704834,
    "rolling_std_60": 9.348549842834473,
    "obv": 9.143970012664795,
    "log_return_5": 9.027999877929688,
    "garman_klass_vol_5": 9.011150360107422,
    "ema_12": 8.954139709472656,
    "rolling_std_120": 8.854330062866211,
    "log_return_20": 8.716400146484375,
    "atr_14": 8.442959785461426,
    "rolling_mean_60": 8.38916015625,
    "aroon_oscillator": 8.30105972290039,
    "bb_upper": 8.290329933166504,
    "true_range": 8.013400077819824,
    "return_5": 7.863840103149414,
    "price_position_5": 7.773680210113525,
    "sma_10": 7.639359951019287,
    "bb_lower": 7.230909824371338,
    "cci_20": 7.031360149383545,
    "dc_lower": 6.7375898361206055,
    "log_return_60": 6.061989784240723,
    "rolling_range_pct_60": 5.9452900886535645,
    "rolling_range_pct_120": 5.538269996643066,
    "cum_return_252": 5.367239952087402,
    "return_20": 2.7105600833892822,
    "return_60": 2.7070300579071045,
    "realized_vol_60": 2.336090087890625,
    "stoch_k": 0.0,
    "stoch_d": 0.0,
    "cmo_14": 0.0,
    "ultimate_oscillator": 0.0,
    "sma_20": 0.0,
    "sma_50": 0.0,
    "sma_100": 0.0,
    "ema_26": 0.0,
    "ema_50": 0.0,
    "ema_100": 0.0,
    "ema_200": 0.0,
    "supertrend": 0.0,
    "supertrend_direction": 0.0,
    "aroon_up": 0.0,
    "aroon_down": 0.0,
    "ichimoku_tenkan": 0.0,
    "ichimoku_kijun": 0.0,
    "ichimoku_chikou": 0.0,
    "psar": 0.0,
    "psar_direction": 0.0,
    "bb_middle": 0.0,
    "bb_pctb": 0.0,
    "bb_width": 0.0,
    "atr_14_pct": 0.0,
    "kc_upper": 0.0,
    "kc_lower": 0.0,
    "dc_middle": 0.0,
    "natr_14": 0.0,
    "vwma_20": 0.0,
    "log_return_10": 0.0,
    "return_1": 0.0,
    "cum_return_5": 0.0,
    "cum_return_10": 0.0,
    "cum_return_20": 0.0,
    "cum_return_60": 0.0,
    "cum_return_120": 0.0,
    "rolling_std_5": 0.0,
    "rolling_mean_10": 0.0,
    "rolling_min_10": 0.0,
    "rolling_max_10": 0.0,
    "rolling_mean_20": 0.0,
    "rolling_std_20": 0.0,
    "rolling_min_20": 0.0,
    "rolling_min_60": 0.0,
    "rolling_max_60": 0.0,
    "rolling_mean_120": 0.0,
    "rolling_max_252": 0.0,
    "momentum_5": 0.0,
    "roc_5": 0.0,
    "momentum_10": 0.0,
    "roc_10": 0.0,
    "roc_20": 0.0,
    "roc_60": 0.0,
    "trend_slope_20": 0.0,
    "trend_r2_20": 0.0,
    "price_acceleration_20": 0.0,
    "realized_vol_5": 0.0,
    "parkinson_vol_10": 0.0,
    "garman_klass_vol_10": 0.0,
    "parkinson_vol_20": 0.0,
    "vol_percentile": 0.0,
    "bar_range": 0.0,
    "bar_body": 0.0,
    "body_range_ratio": 0.0,
    "range_pct": 0.0
  }
}